task,disease_label,rep,fold,view,SampleKey,y_true,n_cells,attn_entropy,attn_top1,attn_top5_sum,attn_eff_n
stage1_MIL_Control_vs_Liver,Liver,8,1,all,2024Dec_Control-S10,0,95,3.78440810114108,0.0574102956842078,0.2384263863497565,35.33907291147633
stage1_MIL_Control_vs_Liver,Liver,8,1,all,2024Dec_Control-S7,0,103,3.8285633213205794,0.0573112377359269,0.2408888563146145,36.56430593202148
stage1_MIL_Control_vs_Liver,Liver,8,1,all,2024Dec_Liver-H10,1,104,3.590331325549414,0.0596272166034525,0.2728629780466641,29.048312313960768
stage1_MIL_Control_vs_Liver,Liver,8,1,all,2024Dec_Liver-H7,1,99,3.376961269060496,0.09403060260233,0.3650741941733701,21.641800876524403
stage1_MIL_Control_vs_Liver,Liver,8,1,all,20250430S24,1,96,3.3584111842340976,0.0808319925016901,0.3347953825260386,23.14016576048975
stage1_MIL_Control_vs_Liver,Liver,8,1,all,20250430S29,1,77,3.7474774574803593,0.0430082777738021,0.1973553613625214,36.67628571379839
stage1_MIL_Control_vs_Liver,Liver,8,1,all,20250430S34,1,105,3.5284535780893207,0.0589007056254373,0.2813229586682738,27.278316701339744
stage1_MIL_Control_vs_Liver,Liver,8,1,all,2025Jan_Liver-B15,1,68,3.950265293495352,0.0394759710461335,0.1760291095370547,45.70959333371508
stage1_MIL_Control_vs_Liver,Liver,8,1,all,2025Jan_Liver-B20,1,78,3.958120046602107,0.0497986126793824,0.1941391314633579,44.2785350913053
stage1_MIL_Control_vs_Liver,Liver,8,1,all,2026Apr-2_Control-20260427S7,0,74,3.252398720480646,0.0608484943421745,0.2997887346060317,23.099392622143192
stage1_MIL_Control_vs_Liver,Liver,8,1,all,2026Apr-2_Control-20260427S9,0,84,3.5269620524497496,0.0455707599463347,0.2189991604207056,30.016322962274124
stage1_MIL_Control_vs_Liver,Liver,8,1,all,2026Apr_Control-20260401S2,0,77,3.128723480628505,0.0739250072452697,0.3553718885403389,19.439857668339005
stage1_MIL_Control_vs_Liver,Liver,8,1,all,2026Apr_Control-20260401S8,0,85,3.268844448922896,0.0480674757431314,0.2378982112195904,24.25493873279301
stage1_MIL_Control_vs_Liver,Liver,8,1,fp,2024Dec_Control-S10,0,95,2.854145427159648,0.1878738968451761,0.5992700777722358,10.7856198628548
stage1_MIL_Control_vs_Liver,Liver,8,1,fp,2024Dec_Control-S7,0,103,2.6660453736748737,0.3468925507320456,0.6326749502694216,6.63476226634527
stage1_MIL_Control_vs_Liver,Liver,8,1,fp,2024Dec_Liver-H10,1,104,2.9000036326648937,0.1833043644108244,0.5227725548390211,12.23751375151232
stage1_MIL_Control_vs_Liver,Liver,8,1,fp,2024Dec_Liver-H7,1,99,3.2921118671253344,0.1321695250624638,0.424825265158372,18.085636431290677
stage1_MIL_Control_vs_Liver,Liver,8,1,fp,20250430S24,1,96,3.232968425089596,0.1190229265270349,0.4527270083180146,17.028843162993226
stage1_MIL_Control_vs_Liver,Liver,8,1,fp,20250430S29,1,77,3.157796879835289,0.180595026711672,0.5413702392549934,13.07257816782542
stage1_MIL_Control_vs_Liver,Liver,8,1,fp,20250430S34,1,105,2.8210127895935027,0.2331541202994944,0.5997023070492259,9.809337831546308
stage1_MIL_Control_vs_Liver,Liver,8,1,fp,2025Jan_Liver-B15,1,68,2.690437074585424,0.1686961472100694,0.6649269195413445,9.691833805534896
stage1_MIL_Control_vs_Liver,Liver,8,1,fp,2025Jan_Liver-B20,1,78,2.8389634666828387,0.1766522145299157,0.5737620768210419,10.858249803469771
stage1_MIL_Control_vs_Liver,Liver,8,1,fp,2026Apr-2_Control-20260427S7,0,74,2.6535212796660512,0.1283830453320324,0.5655785284100161,11.530336524690814
stage1_MIL_Control_vs_Liver,Liver,8,1,fp,2026Apr-2_Control-20260427S9,0,84,2.973599001800672,0.076782024046337,0.3746753343604814,16.93902321470051
stage1_MIL_Control_vs_Liver,Liver,8,1,fp,2026Apr_Control-20260401S2,0,77,2.476126419572511,0.1730910203431191,0.6895097565581626,8.767707116307356
stage1_MIL_Control_vs_Liver,Liver,8,1,fp,2026Apr_Control-20260401S8,0,85,2.9636386896758213,0.0772166483630967,0.347021043160443,17.724554404203253
stage1_MIL_Control_vs_Liver,Liver,8,1,ch,2024Dec_Control-S10,0,95,3.1352234938366603,0.1640972503633648,0.4941893990768626,14.718236889393737
stage1_MIL_Control_vs_Liver,Liver,8,1,ch,2024Dec_Control-S7,0,103,2.871921464801141,0.1564972986174287,0.5785186326293336,11.74202858109808
stage1_MIL_Control_vs_Liver,Liver,8,1,ch,2024Dec_Liver-H10,1,104,2.55055517075895,0.2063568026477692,0.644876647943484,9.186184696425808
stage1_MIL_Control_vs_Liver,Liver,8,1,ch,2024Dec_Liver-H7,1,99,2.537335185341332,0.3696438411916107,0.6440701328214571,6.079580501538512
stage1_MIL_Control_vs_Liver,Liver,8,1,ch,20250430S24,1,96,3.0218545551826868,0.2101003709829355,0.5205442313733488,12.32273139185745
stage1_MIL_Control_vs_Liver,Liver,8,1,ch,20250430S29,1,77,3.293551900010651,0.0751487615813709,0.3506539850941488,21.8032617994005
stage1_MIL_Control_vs_Liver,Liver,8,1,ch,20250430S34,1,105,3.090903066146262,0.125998060776773,0.4514637678489869,16.20636819685005
stage1_MIL_Control_vs_Liver,Liver,8,1,ch,2025Jan_Liver-B15,1,68,3.683842038757717,0.047810452961744,0.2175285213729433,34.21560901914159
stage1_MIL_Control_vs_Liver,Liver,8,1,ch,2025Jan_Liver-B20,1,78,3.847960568045636,0.0420426135634265,0.185915485232655,40.6611602562522
stage1_MIL_Control_vs_Liver,Liver,8,1,ch,2026Apr-2_Control-20260427S7,0,74,2.358570965957617,0.1785852553065354,0.6789188611550515,8.710060641683791
stage1_MIL_Control_vs_Liver,Liver,8,1,ch,2026Apr-2_Control-20260427S9,0,84,2.96245795827529,0.1107166346132962,0.4523497045876459,15.707555541090386
stage1_MIL_Control_vs_Liver,Liver,8,1,ch,2026Apr_Control-20260401S2,0,77,2.4600352216662804,0.1958218760422505,0.6675921560465595,9.115662746057916
stage1_MIL_Control_vs_Liver,Liver,8,1,ch,2026Apr_Control-20260401S8,0,85,2.7934295549978825,0.115037654020061,0.4816913405984102,14.096991243952008
stage1_MIL_Control_vs_Liver,Liver,8,2,all,2024Dec_Control-S2,0,100,3.522565565552509,0.1011072728975514,0.3284357169403464,24.36424919341777
stage1_MIL_Control_vs_Liver,Liver,8,2,all,2024Dec_Control-S5,0,99,3.6435109459397137,0.0837272393331503,0.2735837248033119,29.379409312495262
stage1_MIL_Control_vs_Liver,Liver,8,2,all,2024Dec_Liver-H2,1,114,3.207573591697798,0.1683566363953007,0.4814743794494658,14.64096647707388
stage1_MIL_Control_vs_Liver,Liver,8,2,all,2024Dec_Liver-H8,1,103,3.2888398123361977,0.1154325092538831,0.445066343984763,17.793281207465824
stage1_MIL_Control_vs_Liver,Liver,8,2,all,20250430S25,1,80,2.8439411990772165,0.1875955332032705,0.5942113532890958,10.934025793870338
stage1_MIL_Control_vs_Liver,Liver,8,2,all,20250430S31,1,91,3.4565877706368675,0.0845778181504255,0.3452860700464932,23.62279194914317
stage1_MIL_Control_vs_Liver,Liver,8,2,all,20250430S35,1,104,3.91344512988096,0.0520546957592167,0.2227100515690508,38.73515613953725
stage1_MIL_Control_vs_Liver,Liver,8,2,all,2025Jan_Liver-B17,1,91,4.010974111368923,0.0401299100604061,0.1936907976211947,44.61601734581216
stage1_MIL_Control_vs_Liver,Liver,8,2,all,2026Apr-2_Control-20260427S3,0,93,3.632686192884664,0.0527004003868395,0.2309971974806121,32.1577963388095
stage1_MIL_Control_vs_Liver,Liver,8,2,all,2026Apr-2_Control-20260427S4,0,80,3.5188800100127,0.0537486419432473,0.2454195766009676,29.622670883587627
stage1_MIL_Control_vs_Liver,Liver,8,2,all,2026Apr_Control-20260401S10,0,89,3.2065634254003723,0.103152190377078,0.336922370343063,20.20258628604084
stage1_MIL_Control_vs_Liver,Liver,8,2,all,2026Apr_Control-20260401S3,0,77,3.2442473420350773,0.0754712838468654,0.3209752891301961,21.53139331461501
stage1_MIL_Control_vs_Liver,Liver,8,2,fp,2024Dec_Control-S2,0,100,3.336727732717383,0.1287562429067955,0.4432161512840207,16.979409614791706
stage1_MIL_Control_vs_Liver,Liver,8,2,fp,2024Dec_Control-S5,0,99,3.4276367715367733,0.1116364233704251,0.415408584456915,20.067778357950463
stage1_MIL_Control_vs_Liver,Liver,8,2,fp,2024Dec_Liver-H2,1,114,3.7544946861622335,0.0956488993235675,0.3336574534753947,26.766730623026003
stage1_MIL_Control_vs_Liver,Liver,8,2,fp,2024Dec_Liver-H8,1,103,3.402105573723889,0.1392627799907174,0.434419686101638,17.82729971620507
stage1_MIL_Control_vs_Liver,Liver,8,2,fp,20250430S25,1,80,2.881386546997345,0.2218588389629734,0.5891740184072018,10.019592527653312
stage1_MIL_Control_vs_Liver,Liver,8,2,fp,20250430S31,1,91,3.2410114499210407,0.1252186740584301,0.4770477172247497,16.561087782009995
stage1_MIL_Control_vs_Liver,Liver,8,2,fp,20250430S35,1,104,3.540975775042676,0.111125073988102,0.4109122815117827,20.98798883020161
stage1_MIL_Control_vs_Liver,Liver,8,2,fp,2025Jan_Liver-B17,1,91,3.859473473204134,0.0711907144506718,0.2588816382875409,35.33015545570856
stage1_MIL_Control_vs_Liver,Liver,8,2,fp,2026Apr-2_Control-20260427S3,0,93,3.5888588439730507,0.0704940706037479,0.2668742908308799,29.077168699579072
stage1_MIL_Control_vs_Liver,Liver,8,2,fp,2026Apr-2_Control-20260427S4,0,80,3.2582706547776747,0.0953617564088404,0.4117149256590734,19.13780460458429
stage1_MIL_Control_vs_Liver,Liver,8,2,fp,2026Apr_Control-20260401S10,0,89,3.015978428490579,0.1213209174197424,0.472388242117907,14.74569383600858
stage1_MIL_Control_vs_Liver,Liver,8,2,fp,2026Apr_Control-20260401S3,0,77,2.7443142675989565,0.1672565392935592,0.6427930443945875,10.05639539758762
stage1_MIL_Control_vs_Liver,Liver,8,2,ch,2024Dec_Control-S2,0,100,3.675006784694565,0.0670260776507357,0.2787775130099494,29.723612070712417
stage1_MIL_Control_vs_Liver,Liver,8,2,ch,2024Dec_Control-S5,0,99,3.735930040803322,0.053474356374236,0.2418352611254857,33.69089758291842
stage1_MIL_Control_vs_Liver,Liver,8,2,ch,2024Dec_Liver-H2,1,114,3.5561274816497925,0.0900492301246392,0.3424983776400629,23.746062373290503
stage1_MIL_Control_vs_Liver,Liver,8,2,ch,2024Dec_Liver-H8,1,103,3.4805137272387747,0.0963352413113898,0.3721372669052922,22.413689285563432
stage1_MIL_Control_vs_Liver,Liver,8,2,ch,20250430S25,1,80,2.9626136415951945,0.2747897690238273,0.5125344218183067,9.717089142649668
stage1_MIL_Control_vs_Liver,Liver,8,2,ch,20250430S31,1,91,3.3207981773579225,0.080065150989859,0.3571356533002493,21.068190564490852
stage1_MIL_Control_vs_Liver,Liver,8,2,ch,20250430S35,1,104,3.564558040678637,0.1104856499019206,0.3326008783157836,24.25056054602976
stage1_MIL_Control_vs_Liver,Liver,8,2,ch,2025Jan_Liver-B17,1,91,4.112369184415874,0.0290584645820704,0.1389511462412915,55.2169927301654
stage1_MIL_Control_vs_Liver,Liver,8,2,ch,2026Apr-2_Control-20260427S3,0,93,3.625309044767372,0.0450586270656645,0.2212524585275275,31.259041551781912
stage1_MIL_Control_vs_Liver,Liver,8,2,ch,2026Apr-2_Control-20260427S4,0,80,3.505708604321657,0.0536375611140456,0.2522792735307343,27.637692359909583
stage1_MIL_Control_vs_Liver,Liver,8,2,ch,2026Apr_Control-20260401S10,0,89,3.62663313609896,0.0600092343610356,0.2688796067645486,28.683568663790357
stage1_MIL_Control_vs_Liver,Liver,8,2,ch,2026Apr_Control-20260401S3,0,77,2.844014435692002,0.1356333531221995,0.5720809705303782,12.423536476136547
stage1_MIL_Control_vs_Liver,Liver,8,3,all,2024Dec_Control-S3,0,101,4.472511486799661,0.0340022650666886,0.132758021943073,76.13882516471989
stage1_MIL_Control_vs_Liver,Liver,8,3,all,2024Dec_Control-S6,0,98,4.071267955204184,0.0644088115859018,0.2653753381932433,38.3940690946708
stage1_MIL_Control_vs_Liver,Liver,8,3,all,2024Dec_Liver-H1,1,107,4.540227236417659,0.0344335278990129,0.1208497739178142,83.04273129837081
stage1_MIL_Control_vs_Liver,Liver,8,3,all,2024Dec_Liver-H5,1,108,4.581191714370291,0.0214917974157204,0.1008573461931632,89.61748635727035
stage1_MIL_Control_vs_Liver,Liver,8,3,all,20250430S26,1,80,4.173414333254484,0.041034477624102,0.1521601003961207,56.06109204093267
stage1_MIL_Control_vs_Liver,Liver,8,3,all,20250430S30,1,98,4.376941467164913,0.0320692541737322,0.1403049395278262,67.69291838306795
stage1_MIL_Control_vs_Liver,Liver,8,3,all,20250430S36,1,99,4.279227307782795,0.0437633627780599,0.1942910555030846,54.13612350508992
stage1_MIL_Control_vs_Liver,Liver,8,3,all,2025Jan_Liver-B18,1,91,4.339394212580995,0.0259560473832852,0.1210932505781184,68.2546453456805
stage1_MIL_Control_vs_Liver,Liver,8,3,all,2026Apr-2_Control-20260427S2,0,95,3.655681857918729,0.0537993177588071,0.2427080191013286,29.647559571118844
stage1_MIL_Control_vs_Liver,Liver,8,3,all,2026Apr-2_Control-20260427S8,0,90,3.758014353057342,0.0525428361621007,0.2473510461655524,32.15177802192643
stage1_MIL_Control_vs_Liver,Liver,8,3,all,2026Apr_Control-20260401S1,0,59,3.5197923535910136,0.09397166074638,0.3594325500858852,23.52299673804109
stage1_MIL_Control_vs_Liver,Liver,8,3,all,2026Apr_Control-20260401S5,0,69,3.428238934201071,0.1153945291524533,0.4742534023800305,17.52916765463254
stage1_MIL_Control_vs_Liver,Liver,8,3,all,2026Apr_Control-20260401S7,0,90,3.795945786894225,0.0648701776950281,0.2798653052625607,30.477655446218836
stage1_MIL_Control_vs_Liver,Liver,8,3,fp,2024Dec_Control-S3,0,101,4.198235775908989,0.0753799450744355,0.2565348586418841,43.05188691801918
stage1_MIL_Control_vs_Liver,Liver,8,3,fp,2024Dec_Control-S6,0,98,3.917748730342123,0.100273017775487,0.3167924271295648,30.29023919722469
stage1_MIL_Control_vs_Liver,Liver,8,3,fp,2024Dec_Liver-H1,1,107,4.221282048466764,0.081353135236416,0.2727528581265482,40.10734589042605
stage1_MIL_Control_vs_Liver,Liver,8,3,fp,2024Dec_Liver-H5,1,108,4.449010480744337,0.0543755562397837,0.1694451709489778,65.95764797619631
stage1_MIL_Control_vs_Liver,Liver,8,3,fp,20250430S26,1,80,4.05076652693657,0.0500301460853169,0.2295048697238406,43.67849415045545
stage1_MIL_Control_vs_Liver,Liver,8,3,fp,20250430S30,1,98,4.066331830615405,0.0679297662338778,0.2910355181838077,36.84482455567545
stage1_MIL_Control_vs_Liver,Liver,8,3,fp,20250430S36,1,99,3.82329612125994,0.082995907217279,0.3463949057738016,27.61700666019241
stage1_MIL_Control_vs_Liver,Liver,8,3,fp,2025Jan_Liver-B18,1,91,3.988642491760798,0.0760300385006747,0.2611216183290298,37.16214061229334
stage1_MIL_Control_vs_Liver,Liver,8,3,fp,2026Apr-2_Control-20260427S2,0,95,3.2963388344547764,0.0821705398310052,0.3664734567279313,20.408065140230917
stage1_MIL_Control_vs_Liver,Liver,8,3,fp,2026Apr-2_Control-20260427S8,0,90,3.2406789439038763,0.1069610046830656,0.4397009613026418,17.385233786689728
stage1_MIL_Control_vs_Liver,Liver,8,3,fp,2026Apr_Control-20260401S1,0,59,2.9624999849088334,0.1841207020351678,0.5805931125695215,11.402669934063244
stage1_MIL_Control_vs_Liver,Liver,8,3,fp,2026Apr_Control-20260401S5,0,69,2.6023876802247874,0.2192408455767017,0.7471849516554735,7.994822408454509
stage1_MIL_Control_vs_Liver,Liver,8,3,fp,2026Apr_Control-20260401S7,0,90,3.549347702779128,0.0896162390150532,0.4188778869125248,21.245861336933725
stage1_MIL_Control_vs_Liver,Liver,8,3,ch,2024Dec_Control-S3,0,101,3.649353477844311,0.1086917634036176,0.4679553062007973,19.479844689320764
stage1_MIL_Control_vs_Liver,Liver,8,3,ch,2024Dec_Control-S6,0,98,3.715622180322392,0.0835178355436304,0.3306758073849791,26.497282902729083
stage1_MIL_Control_vs_Liver,Liver,8,3,ch,2024Dec_Liver-H1,1,107,3.814104672635063,0.0651106288406282,0.268246066922005,32.442828638085416
stage1_MIL_Control_vs_Liver,Liver,8,3,ch,2024Dec_Liver-H5,1,108,3.9049155009348127,0.1216033981843194,0.3346608617039169,27.2770298964008
stage1_MIL_Control_vs_Liver,Liver,8,3,ch,20250430S26,1,80,3.681916836619962,0.1561950435083908,0.3352100812012356,22.082057854525917
stage1_MIL_Control_vs_Liver,Liver,8,3,ch,20250430S30,1,98,3.771831486344879,0.0840986867026217,0.3310351564449648,27.616222939047223
stage1_MIL_Control_vs_Liver,Liver,8,3,ch,20250430S36,1,99,4.028451017040543,0.06643399459317,0.247876344728721,39.74566454352432
stage1_MIL_Control_vs_Liver,Liver,8,3,ch,2025Jan_Liver-B18,1,91,4.425049540809879,0.0200098769412026,0.0941851370904813,79.02416191187349
stage1_MIL_Control_vs_Liver,Liver,8,3,ch,2026Apr-2_Control-20260427S2,0,95,3.244144515259633,0.0935208078643887,0.3932871317574871,18.6139632330144
stage1_MIL_Control_vs_Liver,Liver,8,3,ch,2026Apr-2_Control-20260427S8,0,90,3.137104233868123,0.1064925680784035,0.4797897630271566,15.598112095075862
stage1_MIL_Control_vs_Liver,Liver,8,3,ch,2026Apr_Control-20260401S1,0,59,3.0429907089695702,0.2014290588072795,0.5340141926734052,12.494007715066616
stage1_MIL_Control_vs_Liver,Liver,8,3,ch,2026Apr_Control-20260401S5,0,69,2.558581216790013,0.3014392873484558,0.7135677498409487,6.964848954053432
stage1_MIL_Control_vs_Liver,Liver,8,3,ch,2026Apr_Control-20260401S7,0,90,3.222369317743925,0.1232428904890525,0.4950812756496471,15.276018595156092
stage1_MIL_Control_vs_Liver,Liver,8,4,all,2024Dec_Control-S1,0,103,3.336933024703889,0.1036828549087122,0.3922032030384975,20.53644188885713
stage1_MIL_Control_vs_Liver,Liver,8,4,all,2024Dec_Control-S8,0,99,3.867216736200116,0.060399866648394,0.2614497911220782,35.36636347792855
stage1_MIL_Control_vs_Liver,Liver,8,4,all,2024Dec_Liver-H3,1,108,3.5961325127702666,0.067867681463274,0.2955379117003265,26.928499473808436
stage1_MIL_Control_vs_Liver,Liver,8,4,all,2024Dec_Liver-H9,1,106,3.075623878059992,0.1552346236886668,0.5218592261939297,13.847968986082876
stage1_MIL_Control_vs_Liver,Liver,8,4,all,20250430S27,1,103,3.462259474823536,0.0817466335975414,0.3361818885889707,24.168396115123617
stage1_MIL_Control_vs_Liver,Liver,8,4,all,20250430S33,1,88,3.3970735043871283,0.0931161580569249,0.382682000973103,21.16076080335063
stage1_MIL_Control_vs_Liver,Liver,8,4,all,20250430S38,1,102,3.5263553020838883,0.0885909626727828,0.3530810060276553,24.120695260549137
stage1_MIL_Control_vs_Liver,Liver,8,4,all,20250430S39,1,98,3.2522429522107346,0.1215844836817376,0.4322999493232501,17.617274312030965
stage1_MIL_Control_vs_Liver,Liver,8,4,all,2026Apr-2_Control-20260427S1,0,90,3.502120581259561,0.0826723777658027,0.3363992410037684,25.05057443245048
stage1_MIL_Control_vs_Liver,Liver,8,4,all,2026Apr-2_Control-20260427S6,0,94,3.368904194803183,0.0503430650083498,0.24339638696571,26.019421433893164
stage1_MIL_Control_vs_Liver,Liver,8,4,all,2026Apr_Control-20260401S11,0,55,2.657655658040704,0.1416826763333035,0.6031346983657155,11.122704335151283
stage1_MIL_Control_vs_Liver,Liver,8,4,all,2026Apr_Control-20260401S6,0,66,2.1530070097366165,0.1973799265938938,0.8011690381289822,6.951529420973984
stage1_MIL_Control_vs_Liver,Liver,8,4,fp,2024Dec_Control-S1,0,103,2.911689640412374,0.1849770960455676,0.5811966629908215,10.684813656074292
stage1_MIL_Control_vs_Liver,Liver,8,4,fp,2024Dec_Control-S8,0,99,3.3475745603680247,0.1089633688001777,0.422198099702307,19.001278874337707
stage1_MIL_Control_vs_Liver,Liver,8,4,fp,2024Dec_Liver-H3,1,108,3.851159239258008,0.0684219630526371,0.2499634031736218,34.98366010578728
stage1_MIL_Control_vs_Liver,Liver,8,4,fp,2024Dec_Liver-H9,1,106,3.1135014039744,0.2297620024598144,0.529986201872763,11.28924224214634
stage1_MIL_Control_vs_Liver,Liver,8,4,fp,20250430S27,1,103,3.3913044406729558,0.0991786123268216,0.3813769522967291,21.30156882595988
stage1_MIL_Control_vs_Liver,Liver,8,4,fp,20250430S33,1,88,3.1881432727630648,0.1185983101607797,0.4937250767453681,15.84874564427336
stage1_MIL_Control_vs_Liver,Liver,8,4,fp,20250430S38,1,102,3.0514763245844767,0.2566140971767758,0.533220967479443,9.417684327531015
stage1_MIL_Control_vs_Liver,Liver,8,4,fp,20250430S39,1,98,3.022770170257506,0.1262735892335457,0.4942643567293867,14.268757752601216
stage1_MIL_Control_vs_Liver,Liver,8,4,fp,2026Apr-2_Control-20260427S1,0,90,3.409567983061427,0.0833094661846036,0.342248302027912,23.629308454287496
stage1_MIL_Control_vs_Liver,Liver,8,4,fp,2026Apr-2_Control-20260427S6,0,94,3.1541310148591184,0.0960666269931327,0.3847957301798068,19.01952373143402
stage1_MIL_Control_vs_Liver,Liver,8,4,fp,2026Apr_Control-20260401S11,0,55,2.5660918333685627,0.2372211641910054,0.6725704480273305,8.36996606006453
stage1_MIL_Control_vs_Liver,Liver,8,4,fp,2026Apr_Control-20260401S6,0,66,1.769842408507301,0.3956575220617737,0.8589365716363362,3.791044724460271
stage1_MIL_Control_vs_Liver,Liver,8,4,ch,2024Dec_Control-S1,0,103,3.465499496954364,0.080806607579256,0.3367327264383606,24.328102921323737
stage1_MIL_Control_vs_Liver,Liver,8,4,ch,2024Dec_Control-S8,0,99,3.796757674888631,0.0539399974693702,0.2312443722186426,35.74425111653631
stage1_MIL_Control_vs_Liver,Liver,8,4,ch,2024Dec_Liver-H3,1,108,3.47123670963029,0.0828762184975089,0.3551375898505796,23.192109641814213
stage1_MIL_Control_vs_Liver,Liver,8,4,ch,2024Dec_Liver-H9,1,106,3.150098502457884,0.1565313321571327,0.4816484371170025,14.328782407709763
stage1_MIL_Control_vs_Liver,Liver,8,4,ch,20250430S27,1,103,3.526330774448845,0.0628989046432575,0.2938336271787299,26.968908099715737
stage1_MIL_Control_vs_Liver,Liver,8,4,ch,20250430S33,1,88,3.114986952191753,0.1174480918251594,0.4810608340422116,15.534852751850254
stage1_MIL_Control_vs_Liver,Liver,8,4,ch,20250430S38,1,102,3.494229252585026,0.0958520220855221,0.3683739111983457,22.81196501119992
stage1_MIL_Control_vs_Liver,Liver,8,4,ch,20250430S39,1,98,3.2521374273795933,0.0889625324082786,0.3956875793453103,18.953081059519565
stage1_MIL_Control_vs_Liver,Liver,8,4,ch,2026Apr-2_Control-20260427S1,0,90,3.697013538227475,0.0615016259413504,0.2468514890122804,32.65574332838951
stage1_MIL_Control_vs_Liver,Liver,8,4,ch,2026Apr-2_Control-20260427S6,0,94,3.272381009059008,0.0896421753377475,0.3909493793980964,19.8007556638228
stage1_MIL_Control_vs_Liver,Liver,8,4,ch,2026Apr_Control-20260401S11,0,55,3.023280995592321,0.1014951062945294,0.4558560853344222,15.995236719482016
stage1_MIL_Control_vs_Liver,Liver,8,4,ch,2026Apr_Control-20260401S6,0,66,3.1238528610694734,0.1237823057771142,0.4771783159230979,15.849279396757332
stage1_MIL_Control_vs_Liver,Liver,8,5,all,2024Dec_Control-S4,0,109,3.6443431800667407,0.1059763956311767,0.3545810032240561,24.50446597386003
stage1_MIL_Control_vs_Liver,Liver,8,5,all,2024Dec_Control-S9,0,84,3.064992076460657,0.128260514588878,0.4846162665655568,15.044342139098154
stage1_MIL_Control_vs_Liver,Liver,8,5,all,2024Dec_Liver-H4,1,112,3.564574978168121,0.0615561392147923,0.2865158011783885,27.29328736742578
stage1_MIL_Control_vs_Liver,Liver,8,5,all,2024Dec_Liver-H6,1,100,3.5021427231556217,0.0780511753974547,0.3440836995375025,24.217078890813745
stage1_MIL_Control_vs_Liver,Liver,8,5,all,20250430S28,1,103,3.710171041192617,0.0781994415978206,0.3004904945818499,29.834168284390724
stage1_MIL_Control_vs_Liver,Liver,8,5,all,20250430S32,1,93,3.910796085561956,0.0479582221089435,0.2137160561374866,40.299764205131936
stage1_MIL_Control_vs_Liver,Liver,8,5,all,20250430S37,1,99,3.90985068634945,0.0514062130125331,0.2315907051291574,38.08069226190511
stage1_MIL_Control_vs_Liver,Liver,8,5,all,2025Jan_Liver-B19,1,87,3.935628493777931,0.0377729186408936,0.1826855065599684,44.105350614385074
stage1_MIL_Control_vs_Liver,Liver,8,5,all,2026Apr-2_Control-20260427S10,0,76,3.2861984213624877,0.0703888011773924,0.3198456456269332,22.14639844502131
stage1_MIL_Control_vs_Liver,Liver,8,5,all,2026Apr-2_Control-20260427S5,0,97,3.882284575257569,0.0393374030986479,0.1825192921876106,41.772264905711495
stage1_MIL_Control_vs_Liver,Liver,8,5,all,2026Apr_Control-20260401S12,0,70,3.164217366609402,0.0928945298661264,0.3912354552335912,18.645406436825887
stage1_MIL_Control_vs_Liver,Liver,8,5,all,2026Apr_Control-20260401S4,0,58,2.163864024148679,0.3738647868980975,0.8416769289991439,4.928212383470979
stage1_MIL_Control_vs_Liver,Liver,8,5,all,2026Apr_Control-20260401S9,0,94,3.4908337591902145,0.0660760282935263,0.3013536313983174,25.08612207475601
stage1_MIL_Control_vs_Liver,Liver,8,5,fp,2024Dec_Control-S4,0,109,3.324447405799787,0.1076155835278673,0.3970798472855838,20.11281844326018
stage1_MIL_Control_vs_Liver,Liver,8,5,fp,2024Dec_Control-S9,0,84,2.310736553239874,0.261486460077983,0.7778749448000323,6.563499555110478
stage1_MIL_Control_vs_Liver,Liver,8,5,fp,2024Dec_Liver-H4,1,112,3.579561040920389,0.0589437084316957,0.276036696483553,28.400242515428687
stage1_MIL_Control_vs_Liver,Liver,8,5,fp,2024Dec_Liver-H6,1,100,3.7597765477231526,0.0492763373813048,0.2229699731978974,35.71373750375855
stage1_MIL_Control_vs_Liver,Liver,8,5,fp,20250430S28,1,103,3.32015493612962,0.0990095684397626,0.4232601085285749,19.271980311255028
stage1_MIL_Control_vs_Liver,Liver,8,5,fp,20250430S32,1,93,3.4160541512672338,0.1014571968403089,0.4043120056752511,20.57479738536316
stage1_MIL_Control_vs_Liver,Liver,8,5,fp,20250430S37,1,99,3.432604254531236,0.0790923253949001,0.3452578779021312,22.769107521028943
stage1_MIL_Control_vs_Liver,Liver,8,5,fp,2025Jan_Liver-B19,1,87,3.730250926819123,0.0771791391685136,0.3067851203685804,29.94947196619009
stage1_MIL_Control_vs_Liver,Liver,8,5,fp,2026Apr-2_Control-20260427S10,0,76,3.172205283416393,0.091764702976845,0.4147887509132688,18.22548545264852
stage1_MIL_Control_vs_Liver,Liver,8,5,fp,2026Apr-2_Control-20260427S5,0,97,3.864928043991015,0.0398674348633344,0.1830804842046203,40.71965681362075
stage1_MIL_Control_vs_Liver,Liver,8,5,fp,2026Apr_Control-20260401S12,0,70,3.189572932960297,0.0757311558858435,0.357881139936629,19.28220352540957
stage1_MIL_Control_vs_Liver,Liver,8,5,fp,2026Apr_Control-20260401S4,0,58,2.3700855839865302,0.2454190218817221,0.7618317345182352,6.980100106007019
stage1_MIL_Control_vs_Liver,Liver,8,5,fp,2026Apr_Control-20260401S9,0,94,3.455461426728052,0.0727395950148709,0.3162575012165308,24.142084738645494
stage1_MIL_Control_vs_Liver,Liver,8,5,ch,2024Dec_Control-S4,0,109,3.415881139095328,0.1320841693223844,0.429964587966139,18.5450848155482
stage1_MIL_Control_vs_Liver,Liver,8,5,ch,2024Dec_Control-S9,0,84,3.662428527520265,0.0927715224905995,0.3014200285698577,28.84196795910054
stage1_MIL_Control_vs_Liver,Liver,8,5,ch,2024Dec_Liver-H4,1,112,3.3820212048708966,0.0918335641214058,0.3823823534873603,21.26489031921584
stage1_MIL_Control_vs_Liver,Liver,8,5,ch,2024Dec_Liver-H6,1,100,3.418845174397928,0.1115849193874261,0.4002845041560947,19.70642035607887
stage1_MIL_Control_vs_Liver,Liver,8,5,ch,20250430S28,1,103,3.147482185888189,0.1470552261016618,0.492344521964107,14.99353430670894
stage1_MIL_Control_vs_Liver,Liver,8,5,ch,20250430S32,1,93,3.50174253398615,0.0760873191977848,0.3166892041829891,25.55148289830814
stage1_MIL_Control_vs_Liver,Liver,8,5,ch,20250430S37,1,99,3.255231417603878,0.1147858419998007,0.4485528445729781,17.458945154422008
stage1_MIL_Control_vs_Liver,Liver,8,5,ch,2025Jan_Liver-B19,1,87,3.925425963633341,0.0338957421673328,0.1604064107848506,45.40602913083978
stage1_MIL_Control_vs_Liver,Liver,8,5,ch,2026Apr-2_Control-20260427S10,0,76,3.3175084596658877,0.069467425690511,0.3335090743135795,22.139295520085646
stage1_MIL_Control_vs_Liver,Liver,8,5,ch,2026Apr-2_Control-20260427S5,0,97,3.791192925786827,0.0454159413725437,0.2076141785427254,36.185412600310855
stage1_MIL_Control_vs_Liver,Liver,8,5,ch,2026Apr_Control-20260401S12,0,70,3.3299924197923465,0.0780112376677193,0.352486486386298,21.381012164507474
stage1_MIL_Control_vs_Liver,Liver,8,5,ch,2026Apr_Control-20260401S4,0,58,2.952035372243356,0.1534686745552676,0.520440390511737,13.553498008047756
stage1_MIL_Control_vs_Liver,Liver,8,5,ch,2026Apr_Control-20260401S9,0,94,3.5959489877419584,0.0886975700024635,0.3390393871197057,25.703571808092008
